{
  "manifest": {
    "publishingInformation": {
      "locales": {
        "pt-BR": {
          "name": "neuverseMqtt",
          "summary": "Sample Short Description",
          "description": "Sample Full Description",
          "examplePhrases": [
            "neuverse ligar luz do dispositivo",
            "neuverse desligar luz do dispositivo",
            "neuverse acionar portao"
          ],
          "keywords": []
        }
      },
      "isAvailableWorldwide": true,
      "testingInstructions": "Sample Testing Instructions",
      "distributionCountries": []
    },
    "apis": {
      "custom": {}
    },
    "manifestVersion": "1.0"
  }
}
